Timestamp	datatype	data
697151279	accel	-1.1252248, 6.6460648, 7.25773
697151287	orientation	0.0, -0.0, -0.0
697151300	accel	-1.1252248, 6.6460648, 7.25773
697151307	orientation	-1.4506576, -0.73206365, 0.17626698
697151320	accel	-1.1060823, 6.6281185, 7.1476603
697151327	orientation	-1.4575707, -0.734316, 0.16350713
697151340	accel	-1.1874382, 6.5228343, 6.943971
697151347	orientation	-1.4596617, -0.73602283, 0.15838906
697151360	accel	-1.3549358, 6.6460648, 7.132107
697151368	orientation	-1.4596312, -0.7370043, 0.15679055
697151380	accel	-1.4796617, 6.7130637, 7.237391
697151388	orientation	-1.4590019, -0.73678184, 0.15656419
697151400	accel	-1.1192428, 6.65444, 7.2433734
697151408	orientation	-1.4616014, -0.7368407, 0.15230864
697151420	accel	-0.96490574, 6.5946193, 7.449156
697151428	orientation	-1.469617, -0.73405796, 0.140733
697151441	accel	-1.055833, 6.6161547, 7.534101
697151448	orientation	-1.477109, -0.7320766, 0.13058548
697151461	accel	-1.2855439, 6.832705, 7.7365937
697151468	orientation	-1.48249, -0.7324598, 0.122428626
697151481	accel	-1.0307083, 6.899704, 7.858628
697151488	orientation	-1.4863245, -0.73618567, 0.115452595
697151501	accel	-0.29222345, 6.8721867, 7.413264
697151509	orientation	-1.4937901, -0.7416541, 0.10427544
697151521	accel	0.050249275, 6.855437, 7.1763744
697151529	orientation	-1.5045227, -0.74858165, 0.08904963
697151541	accel	-0.11724831, 7.056733, 7.049555
697151549	orientation	-1.5114682, -0.7545075, 0.078847684
697151561	accel	-0.63559353, 7.120143, 6.8398833
697151569	orientation	-1.5152942, -0.7607055, 0.076774426
697151582	accel	-0.62482584, 6.910472, 7.2230344
697151589	orientation	-1.5203575, -0.7641277, 0.075900905
697151602	accel	0.023928227, 6.873383, 7.146464
697151609	orientation	-1.526147, -0.76459545, 0.07309885
697151622	accel	-0.3699902, 7.225427, 6.155237
697151629	orientation	-1.5295466, -0.7656094, 0.075808555
697151642	accel	-0.8895318, 7.036394, 6.276075
697151650	orientation	-1.5287083, -0.76324135, 0.093595475
697151662	accel	-1.0594223, 6.8985076, 6.4534426
697151670	orientation	-1.5333586, -0.75732744, 0.116685964
697151682	accel	-1.1970096, 6.672386, 6.7537417
697151690	orientation	-1.5455155, -0.7490574, 0.13746533
697151703	accel	-1.0989038, 6.4845495, 7.1416783
697151710	orientation	-1.5630438, -0.74033767, 0.15165885
697151723	accel	-0.95054877, 6.253343, 7.949555
697151730	orientation	-1.5871563, -0.7330562, 0.15186082
697151743	accel	-0.70977104, 6.2138615, 8.643773
697151750	orientation	-1.606773, -0.7282398, 0.14527917
697151763	accel	-0.49082774, 6.0511494, 8.912068
697151771	orientation	-1.623096, -0.7274699, 0.13598152
697151783	accel	-0.38673997, 6.0523458, 8.834301
697151791	orientation	-1.6411391, -0.7315019, 0.11945646
697151803	accel	-0.24047868, 6.2581286, 8.17119
697151811	orientation	-1.6523412, -0.7395522, 0.10225674
697151823	accel	-0.15672988, 6.3622165, 7.632506
697151831	orientation	-1.6584673, -0.7498849, 0.08877591
697151844	accel	-0.18305093, 6.4773707, 7.4192457
697151851	orientation	-1.6633376, -0.75987947, 0.07915518
697151864	accel	-0.26679972, 6.6149583, 7.233802
697151871	orientation	-1.6682947, -0.7685756, 0.07190225
697151884	accel	-0.33888352, 6.7836523, 7.160821
697151891	orientation	-1.6723583, -0.77504677, 0.06771387
697151904	accel	-0.3711866, 6.9906316, 7.251748
697151912	orientation	-1.6750996, -0.77934736, 0.06851055
697151924	accel	-0.33170503, 6.9559355, 7.463513
697151932	orientation	-1.6763868, -0.78109366, 0.07658206
697151944	accel	-0.6870392, 6.728617, 6.404091
697151952	orientation	-1.6818752, -0.7813633, 0.08677095
697151964	accel	-1.0259227, 6.7848487, 5.309973
697151972	orientation	-1.6938568, -0.78375846, 0.090331905
697151985	accel	-0.7217351, 7.0196443, 5.360521
697151992	orientation	-1.7050807, -0.78654695, 0.08471809
697152005	accel	-0.77796644, 6.960721, 5.768497
697152012	orientation	-1.7124894, -0.7863522, 0.07488586
697152025	accel	-0.622433, 7.136893, 6.7298136
697152033	orientation	-1.7181897, -0.7837532, 0.06275086
697152045	accel	-0.27158538, 7.025626, 7.734201
697152053	orientation	-1.7203826, -0.78044313, 0.053303488
697152065	accel	0.48963133, 6.778867, 8.0715885
697152073	orientation	-1.7180963, -0.7779223, 0.05226989
697152085	accel	0.7600203, 6.7645097, 7.346265
697152093	orientation	-1.715842, -0.7774993, 0.05795823
697152106	accel	0.38434714, 6.6245294, 7.036394
697152113	orientation	-1.7135539, -0.7779939, 0.066816635
697152126	accel	-0.7576275, 6.820741, 6.8398833
697152133	orientation	-1.7070538, -0.77763635, 0.08002735
697152146	accel	-1.3884354, 6.99781, 6.5407805
697152153	orientation	-1.6994723, -0.7770013, 0.09641611
697152166	accel	-1.1539388, 6.847062, 7.053144
697152174	orientation	-1.692824, -0.7753626, 0.11485903
697152186	accel	-0.076570325, 6.463014, 7.7461653
697152194	orientation	-1.6893585, -0.7735859, 0.13423139
697152206	accel	-0.3173481, 6.5204415, 7.4802628
697152214	orientation	-1.687888, -0.77301455, 0.15420009
697152226	accel	-1.6878372, 6.8458657, 6.910472
697152234	orientation	-1.6855037, -0.77452177, 0.17523937
697152247	accel	-2.3641088, 6.995417, 6.4268227
697152254	orientation	-1.6838793, -0.7768684, 0.19635648
697152267	accel	-2.1870399, 7.069894, 6.725028
697152274	orientation	-1.6831883, -0.7796153, 0.2169965
697152287	accel	-1.1611172, 6.8685975, 7.059126
697152294	orientation	-1.686813, -0.78324294, 0.23468484
697152307	accel	-1.0713863, 7.007381, 6.5814586
697152315	orientation	-1.6956697, -0.7896286, 0.2446818
697152327	accel	-2.0937197, 7.136893, 5.7780685
697152335	orientation	-1.7022133, -0.7982408, 0.24717747
697152347	accel	-2.8836503, 6.6041903, 6.168398
697152355	orientation	-1.7000039, -0.80556506, 0.24859725
697152367	accel	-2.009971, 6.7872415, 6.5850477
697152375	orientation	-1.6968336, -0.8120671, 0.25121245
697152388	accel	-0.83778703, 7.699505, 6.0212393
697152395	orientation	-1.6998248, -0.8199512, 0.2536945
697152408	accel	-0.49800622, 8.225029, 5.645267
697152415	orientation	-1.7054365, -0.827215, 0.2545243
697152428	accel	-1.7344973, 7.2433734, 5.5280185
697152436	orientation	-1.7172022, -0.8301823, 0.24321292
697152448	accel	-1.3908281, 7.501798, 7.0615187
697152456	orientation	-1.7363292, -0.8329668, 0.21790001
697152468	accel	1.8050855, 8.548059, 7.4994054
697152476	orientation	-1.7540965, -0.83794534, 0.18970515
697152488	accel	2.2073789, 8.443972, 7.561619
697152496	orientation	-1.7590119, -0.84332937, 0.17477761
697152509	accel	1.0211371, 8.253742, 7.4730844
697152516	orientation	-1.7480897, -0.84567153, 0.18047328
697152529	accel	-0.2644069, 8.11466, 7.394121
697152536	orientation	-1.7383069, -0.847929, 0.19103943
697152549	accel	-0.70378894, 7.993822, 7.774879
697152556	orientation	-1.7336892, -0.85111374, 0.19364671
697152569	accel	-0.4142574, 8.3015995, 8.611469
697152577	orientation	-1.7318327, -0.8566693, 0.18719544
697152589	accel	-0.7588239, 8.4248295, 8.834301
697152597	orientation	-1.7291865, -0.8668095, 0.17611599
697152609	accel	-0.69541407, 8.282456, 8.388937
697152617	orientation	-1.7234123, -0.88084567, 0.16442464
697152629	accel	0.4022933, 8.226225, 8.315956
697152637	orientation	-1.7153357, -0.8970276, 0.15401687
697152650	accel	-0.0741775, 8.048857, 8.329117
697152657	orientation	-1.7014248, -0.9146411, 0.14799751
697152670	accel	-0.8138588, 7.636095, 7.406085
697152677	orientation	-1.6841011, -0.93402296, 0.14387867
697152690	accel	-1.2424731, 7.8263245, 6.6364937
697152697	orientation	-1.6648971, -0.9547822, 0.13933884
697152710	accel	-1.1132607, 7.8813596, 6.7585278
697152718	orientation	-1.6449723, -0.9772829, 0.13546811
697152730	accel	-0.40468612, 7.774879, 6.283253
697152738	orientation	-1.6255771, -1.0019139, 0.1327353
697152750	accel	-0.16510476, 7.8083787, 6.3921266
697152758	orientation	-1.6030165, -1.0287981, 0.13226339
697152770	accel	0.36041892, 8.394919, 6.2294145
697152778	orientation	-1.5724344, -1.0580523, 0.13785668
697152791	accel	0.5721837, 8.259725, 6.2066827
697152798	orientation	-1.5339581, -1.0882286, 0.15331942
697152811	accel	1.0366904, 8.226225, 5.7433724
697152818	orientation	-1.4852201, -1.1199377, 0.18225716
697152831	accel	2.1248264, 8.320742, 4.6061835
697152839	orientation	-1.4232116, -1.1513544, 0.22786546
697152851	accel	3.0607193, 8.621041, 4.0088754
697152859	orientation	-1.3399541, -1.1791251, 0.29835734
697152871	accel	4.0184464, 8.447561, 3.3278182
697152879	orientation	-1.2337393, -1.2004349, 0.39903378
697152891	accel	3.4977086, 7.9722867, 2.6599214
697152899	orientation	-1.105966, -1.2116954, 0.52689993
697152912	accel	2.888436, 7.382157, 2.321038
697152919	orientation	-0.96677595, -1.2118213, 0.6681934
697152932	accel	2.1308086, 6.4256263, 1.9067806
697152939	orientation	-0.8214286, -1.1996807, 0.8130797
697152952	accel	1.4676976, 5.6967125, 0.9302098
697152959	orientation	-0.6798242, -1.173296, 0.9519378
697152972	accel	0.5183452, 4.746164, 0.23928227
697152980	orientation	-0.55955005, -1.1342475, 1.0722628
697152992	accel	-1.4784653, 3.8425741, 0.34247273
697153000	orientation	-0.46823967, -1.0874907, 1.1625683
697153012	accel	-2.9745777, 3.2297122, 0.83778703
697153020	orientation	-0.39823514, -1.0380163, 1.2231977
697153032	accel	-3.5012977, 3.1974092, 1.0869397
697153040	orientation	-0.3383219, -0.9867655, 1.2644545
697153053	accel	-3.527619, 2.9805596, 1.5610176
697153060	orientation	-0.28632265, -0.93286645, 1.296349
697153073	accel	-5.113761, 2.2097716, 1.5741782
697153080	orientation	-0.24697922, -0.8787579, 1.3157302
697153093	accel	-7.603792, 1.7057835, 1.6830516
697153100	orientation	-0.21742462, -0.8298041, 1.3145278
697153113	accel	-8.600702, 1.7225332, 2.4741786
697153121	orientation	-0.18449199, -0.78769785, 1.2990412
697153133	accel	-8.203493, 1.9426728, 2.6443682
697153141	orientation	-0.14521804, -0.7479336, 1.2816421
697153153	accel	-8.612666, 2.0458634, 2.152344
697153161	orientation	-0.10335458, -0.70546806, 1.2700851
697153173	accel	-11.078769, 1.8385851, 1.8314066
697153181	orientation	-0.06727026, -0.66100156, 1.2605122
697153194	accel	-13.847564, 1.8589242, 1.9645073
697153201	orientation	-0.038811967, -0.619923, 1.2468587
697153214	accel	-15.362819, 2.201397, 2.3222344
697153221	orientation	-0.014679555, -0.58549213, 1.2294761
697153234	accel	-16.137495, 2.489732, 3.1100712
697153242	orientation	0.0063120853, -0.5567752, 1.2130667
697153254	accel	-17.321344, 2.768795, 3.7648072
697153262	orientation	0.022849325, -0.53379947, 1.2004377
697153274	accel	-18.234505, 3.1603205, 3.8150566
697153282	orientation	0.035150994, -0.5179565, 1.1911643
697153294	accel	-18.658333, 3.6340995, 3.7384863
697153302	orientation	0.04425836, -0.5103525, 1.1850729
697153315	accel	-18.11965, 4.1237307, 3.1830523
697153322	orientation	0.049880743, -0.5110243, 1.1819602
697153335	accel	-16.968103, 4.706682, 3.1722846
697153342	orientation	0.051560264, -0.51876086, 1.181579
697153355	accel	-15.485151, 5.069494, 3.7624145
697153362	orientation	0.04862848, -0.53257066, 1.1826016
697153375	accel	-14.607584, 5.2453666, 3.9681973
697153383	orientation	0.044590812, -0.5511988, 1.1858448
697153395	accel	-14.101203, 5.18076, 3.429513
697153403	orientation	0.041679937, -0.5737958, 1.1926056
697153415	accel	-13.576876, 4.8912287, 3.0487552
697153423	orientation	0.038412157, -0.599364, 1.2020665
697153435	accel	-13.1745825, 4.685147, 3.098107
697153443	orientation	0.031699166, -0.62896585, 1.2115278
697153456	accel	-12.467204, 4.658826, 2.9183464
697153463	orientation	0.022568222, -0.6634254, 1.2196174
697153476	accel	-11.5468645, 4.62413, 2.5701907
697153483	orientation	0.013488038, -0.7012387, 1.2273915
697153496	accel	-10.6357975, 4.6707897, 2.6144578
697153503	orientation	0.0023880918, -0.7415203, 1.2348222
697153516	accel	-9.3765745, 4.80748, 3.0236306
697153524	orientation	-0.013277722, -0.7844438, 1.2403418
697153536	accel	-7.9519477, 4.945067, 3.336193
697153544	orientation	-0.03287666, -0.82936484, 1.242892
697153556	accel	-7.3343005, 5.0886364, 3.670291
697153564	orientation	-0.05082982, -0.8753321, 1.2456098
697153577	accel	-6.88774, 5.0659046, 3.3385859
697153584	orientation	-0.065966696, -0.92246866, 1.249671
697153597	accel	-5.799604, 5.309973, 2.9853454
697153604	orientation	-0.08087093, -0.9702395, 1.2534968
697153617	accel	-4.7688956, 5.469394, 3.411567
697153624	orientation	-0.09588015, -1.017441, 1.2578292
697153637	accel	-4.6492543, 5.502894, 3.2871401
697153645	orientation	-0.10674031, -1.0634024, 1.2660186
697153657	accel	-4.706682, 5.508876, 2.449054
697153665	orientation	-0.11375808, -1.109319, 1.2773634
697153677	accel	-3.7827535, 5.5926247, 1.8900307
697153685	orientation	-0.1228718, -1.1562324, 1.2862763
697153697	accel	-3.05713, 5.5651073, 2.5893333
697153705	orientation	-0.12936513, -1.2017689, 1.2963595
697153718	accel	-3.8820555, 5.3593245, 2.5701907
697153725	orientation	-0.12639715, -1.2454816, 1.3154576
697153738	accel	-4.4578285, 5.2238307, 1.2017952
697153745	orientation	-0.1228696, -1.291214, 1.3367527
697153758	accel	-2.65035, 5.5136614, 0.63918275
697153765	orientation	-0.13276048, -1.3405966, 1.3457747
697153778	accel	-0.58893347, 5.938687, 1.7907287
697153786	orientation	-0.14849767, -1.3890309, 1.3462183
697153798	accel	-1.2340983, 6.2437716, 2.7819555
697153806	orientation	-0.14716251, -1.43288, 1.3619798
697153818	accel	-2.6431718, 6.1360946, 1.4928222
697153826	orientation	-0.1314608, -1.4769255, 1.3967103
697153838	accel	-1.0941181, 5.979365, 0.4872385
697153846	orientation	-0.13483113, -1.5254545, 1.4168274
697153859	accel	0.4764708, 6.1325054, 2.0350957
697153866	orientation	3.0459042, -1.5660372, -1.666338
697153879	accel	0.5590232, 6.2521462, 3.1603205
697153886	orientation	2.9614723, -1.5185032, -1.7358168
697153899	accel	0.40827537, 6.104988, 1.5370895
697153906	orientation	2.9370558, -1.471298, -1.739083
697153919	accel	1.3716856, 5.8067822, 0.17467605
697153927	orientation	2.9250796, -1.4219012, -1.7226164
697153939	accel	1.5023935, 5.5663037, 1.8254246
697153947	orientation	2.918611, -1.3715916, -1.703204
697153959	accel	1.2376875, 5.172385, 2.3772693
697153967	orientation	2.910467, -1.3204477, -1.6870277
697153980	accel	1.928316, 4.8003016, 0.78634137
697153987	orientation	2.8997672, -1.265195, -1.6673571
697154000	accel	4.8182473, 4.8326044, -0.023928227
697154007	orientation	2.8850663, -1.2049266, -1.6496967
697154020	accel	6.698707, 5.15085, 1.9908284
697154027	orientation	2.8780563, -1.1464223, -1.6317376
697154040	accel	6.1097736, 4.894818, 3.2476585
697154048	orientation	2.8770432, -1.0938568, -1.6083715
697154060	accel	5.1556354, 4.2568316, 1.7356937
697154068	orientation	2.8670635, -1.0423492, -1.5830373
697154080	accel	6.329913, 3.6329029, 0.24526432
697154088	orientation	2.8448915, -0.985881, -1.5663414
697154100	accel	8.308778, 3.798307, 1.6902301
697154108	orientation	2.82764, -0.9285304, -1.5542111
697154121	accel	8.667701, 4.002893, 3.0873394
697154128	orientation	2.8228562, -0.8772579, -1.5348053
697154141	accel	7.9770727, 3.5682967, 2.0614166
697154148	orientation	2.8169417, -0.8294404, -1.507993
697154161	accel	9.010174, 3.254837, 1.1467602
697154168	orientation	2.800411, -0.7805222, -1.4874002
697154181	accel	9.842278, 3.3290145, 2.894418
697154189	orientation	2.7861524, -0.73282564, -1.4723198
697154201	accel	9.730712, 3.3840494, 3.470191
697154209	orientation	2.7766712, -0.6882912, -1.4564905
697154221	accel	10.520942, 3.3038898, 1.8242282
697154229	orientation	2.7630749, -0.6447112, -1.4412562
697154241	accel	13.365111, 3.5264223, 0.85483587
697154249	orientation	2.7466388, -0.60208714, -1.4297161
697154262	accel	15.711273, 3.9418762, 1.4294125
697154269	orientation	2.733182, -0.5656821, -1.4202037
697154282	accel	16.031013, 4.3633122, 1.9103698
697154289	orientation	2.725592, -0.53939974, -1.4073199
697154302	accel	15.47558, 4.5834517, 1.11685
697154309	orientation	2.719062, -0.52098197, -1.3922658
697154322	accel	15.582061, 4.679165, 0.22851457
697154330	orientation	2.7108142, -0.5070135, -1.3815682
697154342	accel	15.907485, 4.9522457, 1.2664014
697154350	orientation	2.7069008, -0.4979255, -1.3731073
697154362	accel	15.857236, 5.158028, 1.7285153
697154370	orientation	2.7064788, -0.4952484, -1.3658012
697154383	accel	15.160625, 5.1364927, 1.6004993
697154390	orientation	2.7061787, -0.4974148, -1.3618757
697154403	accel	15.250356, 5.1029935, 1.0977074
697154410	orientation	2.705116, -0.5029574, -1.3636343
697154423	accel	15.063716, 5.1364927, 1.3226327
697154430	orientation	2.7058935, -0.51284933, -1.368672
697154443	accel	14.20888, 5.1233325, 1.9199411
697154451	orientation	2.7113125, -0.52799255, -1.3722525
697154463	accel	13.469198, 4.921139, 1.5275182
697154471	orientation	2.7183251, -0.54735404, -1.3742322
697154483	accel	12.916158, 4.7835517, 1.7344973
697154491	orientation	2.7251766, -0.5696962, -1.3784335
697154503	accel	12.1046915, 4.8182473, 2.4538395
697154511	orientation	2.7321684, -0.59426403, -1.3877289
697154524	accel	11.627025, 4.965406, 2.754438
697154531	orientation	2.7394872, -0.6212968, -1.4006453
697154544	accel	11.653345, 5.0108695, 2.4562325
697154551	orientation	2.7469966, -0.6515264, -1.4146343
697154564	accel	11.276176, 4.855336, 2.0937197
697154571	orientation	2.7552197, -0.68591046, -1.4271857
697154584	accel	10.08156, 4.6731825, 2.231307
697154592	orientation	2.7651267, -0.7235119, -1.4372886
697154604	accel	9.422038, 4.5726843, 1.9115661
697154612	orientation	2.7727675, -0.7625535, -1.449641
697154624	accel	9.050852, 4.6205406, 1.7895322
697154632	orientation	2.7788553, -0.8027369, -1.4655317
697154644	accel	8.392527, 4.7581277, 1.9848464
697154652	orientation	2.786474, -0.8439047, -1.482712
697154665	accel	8.045268, 4.8828535, 1.6866409
697154672	orientation	2.7947605, -0.8863939, -1.4993154
697154685	accel	7.500602, 4.9462633, 1.2759727
697154692	orientation	2.8033798, -0.9299846, -1.514343
697154705	accel	7.1129646, 5.022834, 1.0115658
697154713	orientation	2.8109791, -0.97377557, -1.5301689
697154725	accel	6.942775, 5.183153, 1.1359925
697154733	orientation	2.8162096, -1.0170447, -1.5512631
697154745	accel	6.641279, 5.536393, 1.346561
697154753	orientation	2.8242834, -1.0612469, -1.574431
697154765	accel	6.201897, 5.654838, 1.4461622
697154773	orientation	2.8362975, -1.1069977, -1.5955878
697154786	accel	6.3179493, 5.47418, 1.1048858
697154793	orientation	2.8479757, -1.1546375, -1.61501
697154806	accel	5.7026944, 5.3593245, 1.2891332
697154813	orientation	2.8588996, -1.2041776, -1.63486
697154826	accel	4.6205406, 5.47418, 2.1284158
697154833	orientation	2.8697817, -1.2555878, -1.6572388
697154846	accel	3.6017964, 5.519644, 2.091327
697154854	orientation	2.8746085, -1.3082678, -1.6867964
697154866	accel	3.0475588, 5.35095, 1.3022938
697154874	orientation	2.869576, -1.361657, -1.725013
697154886	accel	2.585744, 5.2334023, 1.2436695
697154894	orientation	2.8497763, -1.4155279, -1.7783622
697154906	accel	1.5550356, 5.0922256, 1.5299109
697154914	orientation	2.7937713, -1.4701964, -1.8691336
697154927	accel	0.09451649, 5.034798, 1.218545
697154934	orientation	2.5709536, -1.5234778, -2.126232
697154947	accel	-1.049851, 4.973781, 0.86081797
697154954	orientation	0.9536404, -1.5488232, 2.5067167
697154967	accel	-1.2484552, 5.226224, 1.428216
697154974	orientation	0.16924137, -1.5081375, 1.6868927
697154987	accel	-0.91465646, 5.4957156, 2.0231316
697154995	orientation	0.033019945, -1.4608277, 1.511459
697155007	accel	-1.3214363, 5.622535, 2.6431718
697155015	orientation	-0.012080361, -1.4111962, 1.4277622
697155027	accel	-2.539084, 5.5076795, 2.9135606
697155035	orientation	-0.023536824, -1.361226, 1.3804756
697155047	accel	-3.2285159, 5.35095, 2.015953
697155055	orientation	-0.028233014, -1.3134161, 1.3411651
697155068	accel	-3.531208, 5.4370914, 2.2612174
697155075	orientation	-0.03348128, -1.2679209, 1.298371
697155088	accel	-3.4307094, 5.689534, 3.313461
697155095	orientation	-0.032989074, -1.221807, 1.2587641
697155108	accel	-4.615755, 5.7577295, 4.1237307
697155116	orientation	-0.02393894, -1.1733583, 1.2299263
697155128	accel	-7.347461, 5.669195, 4.486542
697155136	orientation	-0.01130798, -1.1248891, 1.2087151
697155148	accel	-9.779765, 5.805586, 4.4315076
697155156	orientation	-1.7634757E-4, -1.0811425, 1.188708
697155168	accel	-10.907383, 6.163612, 4.304688
697155176	orientation	0.008407195, -1.0444926, 1.1652468
697155189	accel	-10.579566, 6.6939216, 4.770391
697155196	orientation	0.016085323, -1.0137259, 1.140574
697155209	accel	-10.23829, 7.2409806, 5.1125646
697155216	orientation	0.025191814, -0.98655564, 1.1205584
697155229	accel	-10.288539, 7.5580297, 4.945067
697155236	orientation	0.035813026, -0.9613686, 1.1074258
697155249	accel	-10.971092, 7.70788, 4.9845486
697155257	orientation	0.045513954, -0.9382683, 1.0988181
697155269	accel	-12.247065, 7.7090764, 5.2812586
697155277	orientation	0.055745676, -0.9182721, 1.0939734
697155289	accel	-13.708481, 7.7677007, 5.101797
697155297	orientation	0.06578806, -0.90485054, 1.0917094
697155309	accel	-13.396217, 7.8406816, 4.369294
697155317	orientation	0.07314123, -0.89907026, 1.0892751
697155330	accel	-12.096316, 7.9770727, 4.308277
697155337	orientation	0.07777603, -0.899144, 1.0874044
697155350	accel	-11.326426, 8.005786, 4.1727834
697155357	orientation	0.08212611, -0.9032847, 1.0889553
697155370	accel	-10.763814, 7.919645, 3.275176
697155377	orientation	0.085383646, -0.91087854, 1.0925977
697155390	accel	-10.227522, 7.899306, 3.0116663
697155398	orientation	0.08664692, -0.92059517, 1.0966882
697155410	accel	-10.540085, 7.966305, 3.4953158
697155418	orientation	0.08720385, -0.93220174, 1.1034205
697155430	accel	-11.668899, 7.72463, 3.5407794
697155438	orientation	0.08611178, -0.94795275, 1.1118877
697155450	accel	-11.891431, 7.3977103, 3.1280174
697155458	orientation	0.08082462, -0.9706467, 1.1175187
697155471	accel	-10.577173, 7.245766, 3.0487552
697155478	orientation	0.07032646, -1.0000482, 1.1181973
697155491	accel	-8.756535, 7.3881392, 3.19382
697155498	orientation	0.058148105, -1.0331993, 1.1180005
697155511	accel	-7.1428747, 7.72463, 2.8716862
697155519	orientation	0.043740533, -1.0672578, 1.1189148
697155531	accel	-6.067899, 7.9555373, 2.9410782
697155539	orientation	0.023090567, -1.1020135, 1.1179947
697155551	accel	-5.030012, 8.134998, 3.4283166
697155559	orientation	-3.2922693E-5, -1.1373259, 1.1160034
697155571	accel	-4.638487, 8.162815, 3.9119658
697155579	orientation	-0.016356409, -1.1717001, 1.1205703
697155592	accel	-5.111368, 7.9974113, 3.3984063
697155599	orientation	-0.026481181, -1.2057978, 1.1330025
697155612	accel	-4.6432724, 7.8646097, 2.579762
697155619	orientation	-0.041360114, -1.2419297, 1.1436169
697155632	accel	-3.4055848, 7.98784, 2.7269206
697155639	orientation	-0.05977901, -1.2799722, 1.1502347
697155652	accel	-2.7352953, 7.9854474, 3.1387851
697155660	orientation	-0.067630924, -1.3172928, 1.1647502
697155672	accel	-3.3924243, 7.6755767, 2.632404
697155680	orientation	-0.062413227, -1.3530141, 1.1933213
697155692	accel	-3.7301114, 7.5400834, 1.4856437
697155700	orientation	-0.06361143, -1.3916576, 1.2202526
697155712	accel	-1.4042878, 7.7365937, 1.3824533
697155720	orientation	-0.07894872, -1.4339604, 1.233486
697155733	accel	0.37597227, 7.8897343, 2.3844478
697155740	orientation	-0.07384029, -1.473708, 1.2626122
697155753	accel	-1.4509479, 7.576275, 2.8106692
697155760	orientation	0.017041953, -1.5081165, 1.3775465
697155773	accel	-3.7731822, 6.862615, 0.98883396
697155780	orientation	0.3524644, -1.5428907, 1.7442663
697155793	accel	-1.8026928, 6.7645097, -0.26799613
697155801	orientation	2.458771, -1.5460687, -2.3979912
697155813	accel	2.1966112, 7.3666034, 1.1611172
697155821	orientation	2.8286467, -1.5018744, -2.0020568
697155833	accel	2.2265215, 7.4120674, 3.1926236
697155841	orientation	2.871184, -1.4636823, -1.9388883
697155854	accel	-0.8775677, 6.6711893, 1.7261224
697155861	orientation	2.8687086, -1.4270198, -1.9092119
697155874	accel	0.30538398, 6.1851473, -1.0989038
697155881	orientation	2.8636765, -1.383087, -1.8709918
697155894	accel	2.82383, 6.6149583, 1.4318053
697155901	orientation	2.8640258, -1.3363216, -1.8395584
697155914	accel	3.4271202, 6.6556363, 2.7317061
697155922	orientation	2.864583, -1.2947522, -1.8167443
697155934	accel	1.582553, 6.0786667, 1.570589
697155942	orientation	2.8579485, -1.2553141, -1.7916915
697155954	accel	2.254039, 5.622535, -0.42502514
697155962	orientation	2.8426192, -1.2105615, -1.7661312
697155974	accel	4.8194437, 5.8008003, 0.4848457
697155982	orientation	2.8297317, -1.1628532, -1.7445285
697155995	accel	5.5866427, 5.8271213, 2.3353949
697156002	orientation	2.8252864, -1.1194941, -1.7227844
697156015	accel	4.2867417, 5.3183475, 1.8302102
697156022	orientation	2.819808, -1.0793977, -1.6970696
697156035	accel	4.334598, 4.6325045, 0.14237295
697156042	orientation	2.8054554, -1.0359057, -1.6718757
697156055	accel	6.2569323, 4.575077, 0.8138588
697156063	orientation	2.791322, -0.98959076, -1.6498435
697156075	accel	7.1392856, 4.6911287, 2.6922245
697156083	orientation	2.7835019, -0.94517666, -1.6286734
697156095	accel	6.9678993, 4.345366, 2.3665016
697156103	orientation	2.7739809, -0.90284044, -1.6073134
697156115	accel	7.5520473, 3.816253, 0.57936215
697156123	orientation	2.7569027, -0.85869306, -1.5895299
697156136	accel	9.634999, 3.8090746, 0.11365908
697156143	orientation	2.7391884, -0.8133475, -1.5759223
697156156	accel	10.744671, 4.1177487, 1.1527423
697156163	orientation	2.7295609, -0.77299833, -1.5598156
697156176	accel	9.623035, 4.0998025, 2.0901306
697156183	orientation	2.7255614, -0.7385728, -1.5369123
697156196	accel	9.768997, 3.7648072, 0.5386842
697156204	orientation	2.7154274, -0.7039465, -1.5157456
697156216	accel	11.722737, 4.037589, 0.15433706
697156224	orientation	2.7015471, -0.6693506, -1.5011442
697156236	accel	12.420544, 4.642076, 2.053042
697156244	orientation	2.6955612, -0.6404282, -1.4861465
697156257	accel	11.558829, 4.664808, 1.9992033
697156264	orientation	2.6924462, -0.61748666, -1.4672949
697156277	accel	11.799308, 4.465007, 0.49441698
697156284	orientation	2.683755, -0.5946877, -1.4521388
697156297	accel	13.786547, 4.6672006, 0.50039905
697156304	orientation	2.6735282, -0.5716489, -1.4446151
697156317	accel	16.054943, 5.162814, 0.770788
697156325	orientation	2.6663263, -0.55407196, -1.4417949
697156337	accel	16.45933, 5.499305, 0.89312106
697156345	orientation	2.663122, -0.5460364, -1.4378083
697156357	accel	15.960127, 5.4442697, 0.013160525
697156365	orientation	2.661939, -0.54554385, -1.4309641
697156377	accel	15.976877, 5.529215, -0.09092726
697156385	orientation	2.6626346, -0.55051345, -1.4232991
697156398	accel	15.866807, 5.667999, 0.9098708
697156405	orientation	2.6675603, -0.56164277, -1.4157223
697156418	accel	14.837295, 5.6668024, 1.5167505
697156425	orientation	2.673486, -0.5779166, -1.4116694
697156438	accel	13.8499565, 5.5387864, 1.2484552
697156445	orientation	2.677037, -0.5966642, -1.4145426
697156458	accel	13.617554, 5.47418, 1.0857433
697156466	orientation	2.6806583, -0.6173193, -1.4218599
697156478	accel	13.613964, 5.5387864, 1.5239289
697156486	orientation	2.687465, -0.6418737, -1.4291257
697156498	accel	13.191631, 5.4610195, 1.7285153
697156506	orientation	2.6962237, -0.6715641, -1.435845
697156518	accel	12.040982, 5.1771708, 1.7715861
697156526	orientation	2.7050653, -0.70527965, -1.4431295
697156539	accel	11.100305, 4.8302116, 1.7141583
697156546	orientation	2.7130175, -0.74087334, -1.4531031
697156559	accel	10.857134, 4.6672006, 1.576571
697156566	orientation	2.7200089, -0.7777484, -1.4672023
697156579	accel	10.863115, 4.82064, 1.631606
697156586	orientation	2.7281063, -0.81760484, -1.4842378
697156599	accel	10.235897, 4.8625145, 1.5849459
697156607	orientation	2.7394695, -0.86191255, -1.5004976
697156619	accel	8.963513, 4.6959143, 1.6890336
697156627	orientation	2.7557049, -0.91091317, -1.5107511
697156639	accel	7.528119, 4.429115, 2.009971
697156647	orientation	2.7726634, -0.96233034, -1.5178491
697156660	accel	6.1660047, 4.342973, 2.1104696
697156667	orientation	2.7851007, -1.0126565, -1.5295696
697156680	accel	5.831907, 4.651647, 2.082952
697156687	orientation	2.7939577, -1.0610853, -1.5489541
697156700	accel	5.876174, 4.80748, 2.2528424
697156707	orientation	2.8027675, -1.1100218, -1.5734587
697156720	accel	4.9905305, 4.7919264, 2.4143581
697156728	orientation	2.814513, -1.1616234, -1.5970463
697156740	accel	3.153142, 4.7222357, 2.2863421
697156748	orientation	2.8249202, -1.2140077, -1.6199405
697156760	accel	1.739283, 4.8852468, 1.5957136
697156768	orientation	2.82559, -1.2624489, -1.6502291
697156780	accel	1.6435701, 5.0754757, 1.1850454
697156788	orientation	2.8210945, -1.3059638, -1.6892532
697156801	accel	2.0434706, 5.239384, 1.0462617
697156808	orientation	2.819211, -1.3474005, -1.731457
697156821	accel	1.7021942, 5.3497534, 0.9409775
697156828	orientation	2.8195965, -1.3893306, -1.7729988
697156841	accel	1.238884, 5.4059844, 0.4118646
697156848	orientation	2.8196125, -1.4311433, -1.8126923
697156861	accel	1.3489537, 5.529215, 0.009571291
697156869	orientation	2.827763, -1.4722918, -1.8429067
697156881	accel	1.3274183, 5.6261244, 0.6786643
697156889	orientation	2.8633077, -1.5135596, -1.8475633
697156901	accel	1.4401802, 5.6727843, 1.3357933
697156909	orientation	3.0961893, -1.556164, -1.6564286
697156921	accel	1.3860425, 5.543572, 1.6399808
697156929	orientation	-0.46799833, -1.5378404, 1.0231824
697156942	accel	0.49322057, 5.3219366, 2.6479573
697156949	orientation	-0.37358803, -1.4889051, 1.0805898
697156962	accel	-0.31256247, 5.2920265, 3.1722846
697156969	orientation	-0.331688, -1.4389082, 1.0854236
697156982	accel	-1.0199406, 5.3497534, 3.2572298
697156990	orientation	-0.29373574, -1.3882439, 1.0840156
697157002	accel	-2.0015962, 5.232206, 2.984149
697157010	orientation	-0.25891703, -1.3353469, 1.0786574
697157022	accel	-3.53719, 4.968995, 3.0116663
697157030	orientation	-0.23585616, -1.2807399, 1.0650196
697157042	accel	-5.7170515, 5.226224, 4.5714874
697157050	orientation	-0.22002654, -1.2273996, 1.045396
697157063	accel	-7.5197444, 5.8187466, 5.407181
697157070	orientation	-0.2005018, -1.1787654, 1.02834
697157083	accel	-8.384151, 6.137291, 4.5320063
697157090	orientation	-0.18124536, -1.1345005, 1.0119365
697157103	accel	-9.675677, 6.3538413, 4.6731825
697157110	orientation	-0.17171828, -1.0943351, 0.98888916
697157123	accel	-10.707582, 6.818348, 5.988936
697157131	orientation	-0.1719507, -1.0595597, 0.95812696
697157143	accel	-11.157732, 7.475477, 7.612167
697157151	orientation	-0.17670046, -1.0317504, 0.92339367
697157163	accel	-10.997413, 8.156834, 8.248957
697157171	orientation	-0.1722218, -1.0088087, 0.89845055
697157183	accel	-11.603096, 8.526525, 7.5149584
697157191	orientation	-0.16328965, -0.99064654, 0.885218
697157204	accel	-11.530115, 8.680861, 6.212665
697157211	orientation	-0.16171697, -0.9791971, 0.8722517
697157224	accel	-10.670493, 8.99821, 5.64766
697157231	orientation	-0.16455032, -0.9735183, 0.8566097
697157244	accel	-9.553643, 9.30479, 5.4442697
697157251	orientation	-0.1664098, -0.971949, 0.8434495
697157264	accel	-8.76132, 9.485448, 4.9773703
697157272	orientation	-0.16597235, -0.97242665, 0.83618563
697157284	accel	-8.089535, 9.541679, 4.5092745
697157292	orientation	-0.16717932, -0.9747531, 0.8327962
697157304	accel	-7.201499, 9.514162, 4.1177487
697157312	orientation	-0.1716174, -0.97830325, 0.8297356
697157324	accel	-6.7704916, 9.47468, 4.171587
697157332	orientation	-0.17679353, -0.9829511, 0.8267215
697157345	accel	-6.802795, 9.431609, 4.2999024
697157352	orientation	-0.17877309, -0.9881466, 0.82653105
697157365	accel	-7.025626, 9.206385, 4.388437
697157372	orientation	-0.1779789, -0.99341583, 0.8309522
697157385	accel	-7.768897, 8.894122, 4.619344
697157393	orientation	-0.1777909, -0.99969816, 0.8379614
697157405	accel	-8.324331, 8.5983095, 4.743771
697157413	orientation	-0.18047334, -1.0091897, 0.84414536
697157425	accel	-7.966305, 8.515757, 4.490132
697157433	orientation	-0.18492585, -1.022421, 0.8486413
697157445	accel	-7.345068, 8.470293, 4.1548376
697157453	orientation	-0.1890733, -1.037542, 0.8539202
697157466	accel	-7.327122, 8.359027, 4.043571
697157473	orientation	-0.1938627, -1.0539432, 0.86107177
697157486	accel	-7.16441, 8.17478, 3.885645
697157493	orientation	-0.20268089, -1.0719467, 0.86791945
697157506	accel	-7.123732, 8.0715885, 4.0962133
697157513	orientation	-0.21592413, -1.0919212, 0.8724177
697157526	accel	-6.984649, 8.053643, 4.214957
697157534	orientation	-0.23134646, -1.114513, 0.87556803
697157546	accel	-6.369395, 8.050054, 3.8844485
697157554	orientation	-0.25003272, -1.1394129, 0.876943
697157566	accel	-5.6297135, 7.9830546, 3.6631124
697157574	orientation	-0.2749567, -1.166613, 0.8747001
697157586	accel	-4.7198424, 7.9998045, 3.6894333
697157594	orientation	-0.30557117, -1.1955956, 0.8683548
697157607	accel	-3.8784664, 7.923234, 3.5359936
697157614	orientation	-0.33909157, -1.2257257, 0.8597029
697157627	accel	-3.6424742, 7.6863446, 3.449852
697157634	orientation	-0.37544906, -1.2564662, 0.8482985
697157647	accel	-3.5168512, 7.47787, 3.2524443
697157654	orientation	-0.41896737, -1.287914, 0.8308855
697157667	accel	-3.6870406, 7.3977103, 2.8836503
697157675	orientation	-0.4774278, -1.320803, 0.79922444
697157687	accel	-2.8226335, 7.5065837, 2.2301106
697157695	orientation	-0.56478703, -1.3548301, 0.7384619
697157707	accel	-1.0917253, 7.778468, 2.28036
697157715	orientation	-0.6898768, -1.3871342, 0.63955754
697157727	accel	-0.07776674, 7.893324, 3.2620156
697157735	orientation	-0.8413095, -1.4155345, 0.5141561
697157748	accel	-1.1288141, 7.6337023, 3.4869409
697157755	orientation	-1.0213445, -1.4406419, 0.36179173
697157768	accel	-2.5040889, 7.016055, 2.3102703
697157775	orientation	-1.3001642, -1.461687, 0.11373031
697157788	accel	-0.9421739, 6.8279195, 1.265205
697157796	orientation	-1.7330142, -1.4693784, -0.28800818
697157808	accel	1.0079765, 7.085447, 2.6491537
697157816	orientation	-2.150477, -1.45799, -0.68037957
697157828	accel	0.7468598, 7.049555, 3.6317065
697157836	orientation	-2.4307494, -1.4378698, -0.9373063
697157848	accel	-1.2137593, 6.4052873, 2.2731814
697157856	orientation	-2.6335077, -1.4107397, -1.1080164
697157869	accel	-0.56859446, 5.919544, 0.8955139
697157876	orientation	-2.7959373, -1.3712142, -1.2309793
697157889	accel	1.6998014, 5.9937215, 1.9163518
697157896	orientation	-2.9086337, -1.3238182, -1.3099887
697157909	accel	2.8082764, 6.027221, 3.5994034
697157916	orientation	-2.9789867, -1.2786503, -1.3525088
697157929	accel	1.189831, 5.617749, 3.87727
697157937	orientation	-3.0319264, -1.2355688, -1.3723732
697157949	accel	1.8649062, 4.961817, 1.6483557
697157957	orientation	-3.0875776, -1.1870493, -1.3851322
697157969	accel	4.167998, 4.77398, 1.8146569
697157977	orientation	-3.137734, -1.1323769, -1.394211
697157989	accel	6.71426, 5.0395837, 3.1088748
697157997	orientation	3.1079972, -1.0798703, -1.3981565
697158010	accel	6.2605214, 4.9785666, 4.558327
697158017	orientation	3.084903, -1.0363353, -1.3885214
697158030	accel	4.979763, 4.388437, 2.868097
697158037	orientation	3.0619025, -0.9966107, -1.3672575
697158050	accel	5.8713884, 3.92393, 0.94337034
697158057	orientation	3.0334778, -0.95418596, -1.3414305
697158070	accel	7.5640116, 4.037589, 2.309074
697158078	orientation	3.009793, -0.91084975, -1.3133928
697158090	accel	8.573184, 4.377669, 4.2364926
697158098	orientation	2.9911957, -0.87115717, -1.2870319
697158110	accel	8.513364, 4.438686, 4.3130627
697158118	orientation	2.9720275, -0.83449787, -1.2636442
697158130	accel	9.740284, 4.53081, 3.4689946
697158138	orientation	2.9508178, -0.79876107, -1.2431403
697158151	accel	10.873883, 4.805087, 4.0974097
697158158	orientation	2.931274, -0.76628095, -1.2238487
697158171	accel	10.440783, 4.7341995, 4.7162533
697158178	orientation	2.9137352, -0.73841286, -1.2062472
697158191	accel	10.125827, 4.470989, 3.8425741
697158199	orientation	2.894377, -0.7118978, -1.192666
697158211	accel	11.589935, 4.6779685, 2.9614172
697158219	orientation	2.8739514, -0.68556935, -1.1832591
697158231	accel	12.847962, 5.1604214, 3.6113675
697158239	orientation	2.858167, -0.6633082, -1.1732067
697158251	accel	12.698411, 5.2250276, 3.8413777
697158259	orientation	2.8456564, -0.64618516, -1.1626333
697158272	accel	13.083655, 5.192724, 2.835794
697158279	orientation	2.831699, -0.63113546, -1.1561077
697158292	accel	14.168202, 5.4382877, 2.996113
697158299	orientation	2.8196602, -0.61865044, -1.1531599
697158312	accel	14.697315, 5.6620164, 3.3637104
697158319	orientation	2.8124862, -0.6115005, -1.1506594
697158332	accel	14.492728, 5.7397833, 3.545565
697158340	orientation	2.8090281, -0.61053646, -1.1477417
697158352	accel	13.630714, 5.601, 3.4689946
697158360	orientation	2.8079379, -0.61449933, -1.1456571
697158372	accel	13.088441, 5.4203415, 3.0993035
697158380	orientation	2.808156, -0.62141854, -1.1458082
697158392	accel	12.743875, 5.451448, 3.1663027
697158400	orientation	2.8103943, -0.6309051, -1.1484076
697158413	accel	12.494721, 5.5016975, 3.391228
697158420	orientation	2.8161669, -0.6439585, -1.1514972
697158433	accel	11.932109, 5.5591254, 3.3613176
697158440	orientation	2.8249853, -0.6605675, -1.1538694
697158453	accel	11.260623, 5.539983, 3.6810586
697158460	orientation	2.8365476, -0.679702, -1.1553397
697158473	accel	10.845169, 5.5244293, 3.7636108
697158481	orientation	2.8481667, -0.70042413, -1.1593368
697158493	accel	10.890634, 5.5722857, 4.2687955
697158501	orientation	2.861314, -0.72327673, -1.1651926
697158513	accel	11.123036, 5.573482, 4.331009
697158521	orientation	2.8785577, -0.7500859, -1.1681362
697158534	accel	10.846366, 5.471787, 3.9514475
697158541	orientation	2.8970993, -0.78064656, -1.1697519
697158554	accel	10.508978, 5.3353963, 3.9514475
697158561	orientation	2.9157915, -0.8141351, -1.173736
697158574	accel	10.0014, 5.238188, 4.342973
697158581	orientation	2.9384918, -0.8513651, -1.1773906
697158594	accel	9.400503, 5.0587263, 4.1428733
697158602	orientation	2.9652157, -0.8924251, -1.1783769
697158614	accel	8.570791, 4.821837, 3.9574296
697158622	orientation	2.9923866, -0.93564844, -1.1794322
697158634	accel	8.024929, 4.735396, 3.9574296
697158642	orientation	3.0224252, -0.98083156, -1.1799091
697158654	accel	7.5906315, 4.599005, 3.897609
697158662	orientation	3.0586624, -1.0281421, -1.1762834
697158675	accel	7.379764, 4.3788652, 3.6631124
697158682	orientation	3.1038482, -1.0782735, -1.1637629
697158695	accel	6.1217375, 3.9275193, 4.0184464
697158702	orientation	-3.1239622, -1.1312175, -1.141119
697158715	accel	4.2014976, 3.5036905, 3.996911
697158722	orientation	-3.060241, -1.1838773, -1.111219
697158735	accel	4.007679, 3.2656047, 3.0391839
697158743	orientation	-2.9879959, -1.2331226, -1.0741678
697158755	accel	4.8637114, 3.2919257, 2.5462625
697158763	orientation	-2.8938262, -1.2796154, -1.0177959
697158775	accel	4.7210393, 3.173481, 2.6982067
697158783	orientation	-2.7576294, -1.3243588, -0.9231122
697158795	accel	3.44387, 3.14716, 3.2536407
697158803	orientation	-2.5479448, -1.3652148, -0.75754464
697158816	accel	2.3222344, 2.9566314, 3.075076
697158823	orientation	-2.2432985, -1.3950512, -0.49460173
697158836	accel	0.80787677, 2.778366, 3.226123
697158843	orientation	-1.8707038, -1.4038432, -0.16061254
697158856	accel	-0.2970091, 2.9673991, 3.978965
697158863	orientation	-1.5168245, -1.3893567, 0.1520892
697158876	accel	-1.5777674, 3.2560334, 4.79073
697158884	orientation	-1.2421546, -1.3586015, 0.38248605
697158896	accel	-2.5761726, 3.571886, 4.982156
697158904	orientation	-1.0438159, -1.3190951, 0.5353749
697158916	accel	-3.1686954, 3.9981074, 4.8062835
697158924	orientation	-0.90166694, -1.2748134, 0.6318894
697158937	accel	-3.909573, 4.35733, 5.195117
697158944	orientation	-0.7935023, -1.227237, 0.69335634
697158957	accel	-5.4466624, 4.54397, 6.1217375
697158964	orientation	-0.7044367, -1.1774356, 0.7357628
697158977	accel	-6.835098, 4.759324, 6.678368
697158984	orientation	-0.6303408, -1.1275862, 0.7664768
697158997	accel	-7.9914293, 5.022834, 7.254141
697159005	orientation	-0.5644766, -1.0783744, 0.7926088
697159017	accel	-10.061221, 5.113761, 7.2098737
697159025	orientation	-0.507595, -1.031792, 0.81391686
697159037	accel	-11.951252, 5.317151, 6.6711893
697159045	orientation	-0.4610374, -0.99023324, 0.8269457
697159057	accel	-12.697214, 5.9494543, 6.3861446
697159065	orientation	-0.4255018, -0.9551371, 0.83122253
697159078	accel	-12.77857, 6.5946193, 6.309574
697159085	orientation	-0.39628002, -0.926833, 0.8323785
697159098	accel	-12.51865, 7.044769, 5.6907306
697159105	orientation	-0.37379614, -0.90520287, 0.8316993
697159118	accel	-11.709577, 7.501798, 5.2716875
697159125	orientation	-0.35821927, -0.8887961, 0.8289365
697159138	accel	-10.721939, 7.7150583, 5.0383873
697159146	orientation	-0.3475308, -0.8751286, 0.8254962
697159158	accel	-10.7997055, 7.8897343, 5.441877
697159166	orientation	-0.33995566, -0.86411685, 0.8220074
697159178	accel	-11.010573, 8.066803, 5.459823
697159186	orientation	-0.33321863, -0.857119, 0.8198644
697159198	accel	-10.651351, 8.1687975, 5.1843495
697159206	orientation	-0.32847324, -0.854054, 0.8188298
697159219	accel	-10.256236, 8.167601, 4.8673005
697159226	orientation	-0.32682002, -0.8544436, 0.8184202
697159239	accel	-9.227921, 8.2681, 4.4614177
697159246	orientation	-0.33091083, -0.85770303, 0.8150341
697159259	accel	-8.076375, 8.504989, 5.111368
697159266	orientation	-0.33653226, -0.86259913, 0.81134135
697159279	accel	-7.7030945, 8.502596, 5.3015976
697159287	orientation	-0.33862874, -0.8678656, 0.81274045
697159299	accel	-8.570791, 8.277671, 5.246563
697159307	orientation	-0.33788863, -0.87367606, 0.8194552
697159319	accel	-9.236296, 8.016554, 4.9031925
697159327	orientation	-0.33966312, -0.881882, 0.82657677
697159340	accel	-9.271291, 7.9340014, 4.9510493
697159347	orientation	-0.34596857, -0.89382786, 0.83053714
697159360	accel	-8.855837, 7.821539, 4.9199424
697159367	orientation	-0.35471335, -0.9097287, 0.83248055
697159380	accel	-8.4858465, 7.5317082, 4.0854454
697159387	orientation	-0.3652826, -0.9283439, 0.8324914
697159400	accel	-8.673683, 7.3319077, 3.586243
697159408	orientation	-0.37550676, -0.9483032, 0.83298326
697159420	accel	-8.59472, 7.1763744, 2.8896325
697159428	orientation	-0.39143553, -0.9692971, 0.83115184
697159440	accel	-7.6348987, 7.205088, 3.161517
697159448	orientation	-0.42116526, -0.99221283, 0.81961864
697159460	accel	-5.933901, 7.3283186, 4.17398
697159468	orientation	-0.45991784, -1.0165746, 0.8005642
697159481	accel	-5.064708, 7.4216385, 5.02403
697159488	orientation	-0.4953488, -1.0410932, 0.784992
697159501	accel	-5.8211393, 7.083054, 4.2831526
697159508	orientation	-0.52592826, -1.0652637, 0.77573675
697159521	accel	-7.474281, 6.6711893, 3.2656047
697159528	orientation	-0.5667129, -1.0917664, 0.7578247
697159541	accel	-6.454639, 6.5946193, 2.9183464
697159549	orientation	-0.6327041, -1.1219946, 0.7143216
697159561	accel	-3.822235, 6.9009004, 4.4542394
697159569	orientation	-0.71265984, -1.1523584, 0.6546404
697159581	accel	-2.687439, 6.914061, 5.372485
697159589	orientation	-0.7888702, -1.1805879, 0.5993259
697159601	accel	-3.682255, 6.6831536, 4.53081
697159609	orientation	-0.86754984, -1.2077285, 0.5449583
697159622	accel	-3.6523447, 6.4558353, 3.3445678
697159629	orientation	-0.9757016, -1.234551, 0.46412444
697159642	accel	-2.132005, 6.521638, 4.1811585
697159649	orientation	-1.1129901, -1.2589847, 0.35179386
697159662	accel	-1.1096715, 6.4881387, 4.8768716
697159670	orientation	-1.2548908, -1.2789941, 0.23136155
697159682	accel	-1.21017, 6.3083777, 4.1811585
697159690	orientation	-1.4030981, -1.2931105, 0.107962154
697159702	accel	-1.1204392, 6.1648083, 3.6906297
697159710	orientation	-1.5712942, -1.3003851, -0.030143736
697159722	accel	-0.38315073, 5.9805613, 3.9119658
697159730	orientation	-1.7560475, -1.2996961, -0.18320361
697159743	accel	0.13878371, 5.9470615, 4.6779685
697159750	orientation	-1.9388981, -1.291718, -0.33636212
697159763	accel	0.96729857, 5.833103, 4.402794
697159770	orientation	-2.1082828, -1.2765561, -0.47638708
697159783	accel	2.044667, 5.744569, 4.1141596
697159790	orientation	-2.261138, -1.2548347, -0.59768414
697159803	accel	2.565405, 5.6392846, 4.526024
697159811	orientation	-2.3907254, -1.2296766, -0.69535345
697159823	accel	1.6639091, 5.382056, 4.8266225
697159831	orientation	-2.4971883, -1.202614, -0.76956326
697159843	accel	0.95413804, 4.949853, 4.159623
697159851	orientation	-2.598934, -1.1702055, -0.8362302
697159863	accel	2.8800611, 4.840979, 3.946662
697159871	orientation	-2.6981406, -1.1302819, -0.9008847
697159884	accel	5.217849, 4.9378886, 5.1568317
697159891	orientation	-2.7810233, -1.0889273, -0.95328355
697159904	accel	5.4837513, 4.875675, 5.7541404
697159911	orientation	-2.8440015, -1.0524534, -0.98575777
697159924	accel	3.8928235, 4.447061, 4.9642096
697159931	orientation	-2.8975742, -1.0181524, -1.0029231
697159944	accel	4.316652, 4.0591245, 3.6906297
697159952	orientation	-2.953038, -0.9796688, -1.0167426
697159964	accel	6.2748785, 4.084249, 4.1572304
697159972	orientation	-3.0084825, -0.9372765, -1.0322567
697159984	accel	7.9112697, 4.274778, 5.1867423
697159992	orientation	-3.0565841, -0.8973195, -1.0455161
697160004	accel	7.8023963, 4.3298125, 5.675177
697160012	orientation	-3.0922935, -0.86312675, -1.0468829
697160025	accel	7.437192, 4.068696, 4.6121655
697160032	orientation	-3.1230996, -0.8324386, -1.0361856
697160045	accel	7.5676007, 3.8868413, 3.6017964
697160052	orientation	3.1292403, -0.8006175, -1.0197257
697160065	accel	9.211171, 4.1057844, 3.4259238
697160073	orientation	3.094707, -0.7658437, -1.009103
697160085	accel	10.253843, 4.5595236, 5.171189
697160093	orientation	3.063472, -0.7324379, -1.0042468
697160105	accel	10.2682, 4.814658, 6.411269
697160113	orientation	3.0418603, -0.7048153, -0.99435747
697160125	accel	10.329217, 4.7174497, 5.131707
697160133	orientation	3.0197253, -0.6799891, -0.9830041
697160146	accel	11.243874, 4.88405, 4.5678983
697160153	orientation	2.9932435, -0.6547722, -0.97874194
697160166	accel	12.637394, 5.2202415, 5.2944193
697160173	orientation	2.9704664, -0.6313883, -0.9783911
697160186	accel	14.088042, 5.553143, 5.514858
697160193	orientation	2.9524522, -0.6132966, -0.97719455
697160206	accel	14.9656105, 5.8271213, 5.326722
697160214	orientation	2.9392462, -0.6024153, -0.9727306
697160226	accel	15.050555, 5.9410796, 5.392824
697160234	orientation	2.9303138, -0.59877145, -0.9663817
697160246	accel	14.4795685, 5.860621, 5.2980084
697160254	orientation	2.9239933, -0.6014382, -0.9620888
697160266	accel	13.361522, 5.705087, 5.2489557
697160274	orientation	2.9195154, -0.6085111, -0.9625299
697160287	accel	12.451651, 5.590232, 5.1532426
697160294	orientation	2.9178379, -0.61840236, -0.96643317
697160307	accel	12.110674, 5.526822, 5.016852
697160314	orientation	2.9186256, -0.6308841, -0.97232115
697160327	accel	11.804093, 5.469394, 4.8625145
697160334	orientation	2.9228437, -0.6465757, -0.97745883
697160347	accel	11.143375, 5.404788, 4.9319067
697160355	orientation	2.9312081, -0.6655148, -0.9805581
697160367	accel	10.461122, 5.372485, 5.07069
697160375	orientation	2.9426012, -0.6868474, -0.9828372
697160387	accel	10.003794, 5.4370914, 5.203492
697160395	orientation	2.9557912, -0.709902, -0.98596835
697160407	accel	9.819247, 5.453841, 5.4299126
697160415	orientation	2.9697978, -0.7350556, -0.9914684
697160428	accel	9.800104, 5.4789658, 5.4837513
697160435	orientation	2.9854405, -0.7629994, -0.99815416
697160448	accel	9.710373, 5.4167523, 5.3255258
697160455	orientation	3.0040393, -0.794632, -1.0034279
697160468	accel	9.570394, 5.2441697, 5.02403
697160476	orientation	3.0269973, -0.8300462, -1.0048563
697160488	accel	9.12144, 5.0826545, 4.99412
697160496	orientation	3.054685, -0.8692779, -1.0022191
697160508	accel	8.0201435, 4.918746, 5.1269217
697160516	orientation	3.0873113, -0.91208935, -0.9962172
697160528	accel	6.707082, 4.80748, 5.1161537
697160536	orientation	3.124336, -0.9572635, -0.98761326
697160549	accel	6.4268227, 4.868497, 4.459025
697160556	orientation	-3.1167452, -1.0032709, -0.97408956
697160569	accel	6.518049, 4.805087, 4.3154554
697160576	orientation	-3.066507, -1.0503036, -0.9516797
697160589	accel	5.7074804, 4.651647, 4.526024
697160596	orientation	-3.0090435, -1.0985812, -0.9228978
697160609	accel	4.8385863, 4.54397, 4.3501515
697160617	orientation	-2.9411235, -1.1473029, -0.8867078
697160629	accel	4.098606, 4.459025, 4.1632123
697160637	orientation	-2.8548038, -1.195078, -0.8345187
697160649	accel	3.8389847, 4.469793, 3.7193437
697160657	orientation	-2.7457304, -1.2405142, -0.7592279
697160669	accel	3.362514, 4.449454, 3.5001013
697160677	orientation	-2.609068, -1.2822527, -0.6560509
697160690	accel	2.6742785, 4.476971, 3.3457642
697160697	orientation	-2.4313846, -1.3180609, -0.51451135
697160710	accel	2.0027926, 4.258028, 3.3720853
697160717	orientation	-2.2062604, -1.3446993, -0.32782292
697160730	accel	0.994816, 4.1464624, 3.6690943
697160737	orientation	-1.9369037, -1.3585018, -0.09947948
697160750	accel	-0.059820566, 4.165605, 3.6547375
697160758	orientation	-1.6502054, -1.3566725, 0.14580987
697160770	accel	-1.5083755, 4.2460637, 3.83061
697160778	orientation	-1.3942125, -1.3397905, 0.3614144
697160790	accel	-2.0279171, 4.5427737, 4.219743
697160798	orientation	-1.1961621, -1.31368, 0.51924485
697160811	accel	-2.03031, 4.840979, 4.961817
697160818	orientation	-1.0408838, -1.282927, 0.63204294
697160831	accel	-2.4275186, 5.04078, 4.80748
697160838	orientation	-0.9075484, -1.2485328, 0.7209204
697160851	accel	-3.3146574, 4.888836, 4.054339
697160858	orientation	-0.79319906, -1.2093236, 0.7925326
697160871	accel	-5.003691, 4.644469, 3.9071803
697160879	orientation	-0.70050085, -1.1662294, 0.8457447
697160891	accel	-6.771688, 4.5894337, 4.4004006
697160899	orientation	-0.62774646, -1.1224785, 0.88216436
697160911	accel	-8.047661, 4.778766, 4.80748
697160919	orientation	-0.57002676, -1.0805119, 0.90652907
697160931	accel	-9.006584, 5.2286167, 5.2944193
697160939	orientation	-0.52157676, -1.0425268, 0.9246921
697160952	accel	-9.77498, 5.4837513, 4.6061835
697160959	orientation	-0.47889605, -1.0086823, 0.9390872
697160972	accel	-10.776974, 5.6871414, 3.9227335
697160979	orientation	-0.44027707, -0.9774038, 0.95079726
697160992	accel	-11.528918, 5.884549, 3.3122647
697160999	orientation	-0.41140234, -0.94885087, 0.9572268
697161012	accel	-11.399407, 6.3179493, 3.795914
697161020	orientation	-0.39447755, -0.9244918, 0.9565148
697161032	accel	-10.899008, 6.7669024, 4.4279184
697161040	orientation	-0.38223314, -0.90400773, 0.9539534
697161052	accel	-10.620244, 7.0316086, 4.901996
697161060	orientation	-0.36956263, -0.8865521, 0.95500785
697161072	accel	-10.721939, 7.237391, 4.331009
697161080	orientation	-0.35858032, -0.8718289, 0.9579576
697161093	accel	-10.903793, 7.342675, 4.1261234
697161100	orientation	-0.3540309, -0.86138064, 0.95581424
697161113	accel	-10.754242, 7.4252276, 4.4542394
697161120	orientation	-0.35090926, -0.8551109, 0.95026594
697161133	accel	-10.67169, 7.2565336, 4.551149
697161140	orientation	-0.34477198, -0.85192233, 0.9481362
697161153	accel	-10.928918, 6.8398833, 3.7827535
697161161	orientation	-0.33935508, -0.8514397, 0.94859546
697161173	accel	-11.186446, 6.6017976, 3.4977086
697161181	orientation	-0.3382697, -0.85428804, 0.9481324
697161193	accel	-11.064412, 6.6676, 3.2452657
697161201	orientation	-0.34413493, -0.8619108, 0.943415
697161214	accel	-9.93799, 7.0061846, 2.7245276
697161221	orientation	-0.3574247, -0.87371206, 0.9317709
697161234	accel	-8.026125, 7.6313095, 3.484548
697161241	orientation	-0.37475222, -0.8868487, 0.9169792
697161254	accel	-6.6687965, 8.053643, 4.5738807
697161261	orientation	-0.38855228, -0.8982184, 0.90884644
697161274	accel	-7.3689966, 7.9854474, 4.825426
697161282	orientation	-0.39751372, -0.9082061, 0.909641
697161294	accel	-8.880961, 7.72463, 4.0938206
697161302	orientation	-0.40719983, -0.92046195, 0.9117959
697161314	accel	-8.900104, 7.6456666, 3.7313077
697161322	orientation	-0.42400253, -0.93742245, 0.90675837
697161334	accel	-7.6983085, 7.8287177, 4.2460637
697161342	orientation	-0.447419, -0.958652, 0.89440703
697161355	accel	-6.1660047, 8.090732, 4.465007
697161362	orientation	-0.4698667, -0.9803858, 0.88302547
697161375	accel	-6.0320067, 8.181958, 4.5535417
697161382	orientation	-0.48850468, -1.0006238, 0.8782699
697161395	accel	-7.233802, 7.9914293, 4.523631
697161402	orientation	-0.5101013, -1.0223519, 0.8741238
697161415	accel	-7.501798, 7.835896, 4.210171
697161423	orientation	-0.5425385, -1.0494173, 0.8594293
697161435	accel	-6.0774703, 7.9770727, 4.371687
697161443	orientation	-0.5843038, -1.0803065, 0.8331647
697161455	accel	-4.9977093, 8.1230345, 5.1412787
697161463	orientation	-0.6245107, -1.1118199, 0.80797756
697161475	accel	-4.906782, 7.878967, 4.5152564
697161483	orientation	-0.6625862, -1.1432061, 0.78870356
697161496	accel	-5.1640105, 7.5352974, 3.6930227
697161503	orientation	-0.71252847, -1.1752874, 0.76252997
697161516	accel	-5.3700924, 7.217052, 3.9083767
697161523	orientation	-0.78349626, -1.2103447, 0.71626824
697161536	accel	-4.0830526, 7.004988, 3.7911284
697161543	orientation	-0.87908703, -1.2475994, 0.6435092
697161556	accel	-2.5821548, 6.9092755, 4.1428733
697161564	orientation	-0.99523455, -1.2827373, 0.548633
697161576	accel	-2.0063818, 6.751349, 4.316652
697161584	orientation	-1.1275378, -1.3139935, 0.43951228
697161596	accel	-2.1044874, 6.4570317, 3.3804603
697161604	orientation	-1.2964095, -1.3413687, 0.2982408
697161617	accel	-1.4174483, 6.215058, 2.7317061
697161624	orientation	-1.5231246, -1.3616725, 0.10024188
697161637	accel	0.20578274, 6.1564336, 2.9865417
697161644	orientation	-1.7835702, -1.3705481, -0.13510597
697161657	accel	1.0055838, 6.253343, 3.4869409
697161664	orientation	-2.0263848, -1.3681679, -0.35447598
697161677	accel	1.0271192, 6.238986, 3.0092735
697161685	orientation	-2.2366958, -1.3573383, -0.5375203
697161697	accel	1.2604194, 6.2007008, 2.1595225
697161705	orientation	-2.4186878, -1.3382019, -0.6865167
697161717	accel	1.759622, 6.1827545, 2.5522444
697161725	orientation	-2.571175, -1.3126428, -0.8050379
697161737	accel	2.1379871, 6.2066827, 3.362514
697161745	orientation	-2.697126, -1.2841622, -0.8993012
697161758	accel	2.469393, 6.2473607, 3.214159
697161765	orientation	-2.8037171, -1.2539982, -0.9760848
697161778	accel	3.3409786, 6.104988, 2.455036
697161785	orientation	-2.8931162, -1.2218071, -1.0351388
697161798	accel	3.728915, 5.9733825, 2.902793
697161805	orientation	-2.960541, -1.1895485, -1.0720683
697161818	accel	3.0643084, 5.7206407, 3.24048
697161826	orientation	-3.013817, -1.1572855, -1.0922052
697161838	accel	3.9011981, 5.727819, 2.2624137
697161846	orientation	-3.0733125, -1.121269, -1.1156436
697161858	accel	5.8223357, 6.228218, 2.8034909
697161866	orientation	-3.1282966, -1.0827545, -1.1404414
697161878	accel	7.262516, 6.664011, 4.106981
697161886	orientation	3.1184225, -1.0487394, -1.1524299
697161899	accel	7.6253276, 6.664011, 4.398008
697161906	orientation	3.092342, -1.0210664, -1.1495699
697161919	accel	7.780861, 6.5407805, 4.095017
697161926	orientation	3.0660174, -0.9978196, -1.1399319
697161939	accel	7.420442, 6.4028945, 4.067499
697161946	orientation	3.0361252, -0.9771744, -1.1330767
697161959	accel	6.443572, 6.2377896, 4.348955
697161967	orientation	3.0044248, -0.9565603, -1.1329855
697161979	accel	6.401698, 6.0176497, 4.12732
697161987	orientation	2.9719946, -0.9330751, -1.1390914
697161999	accel	8.4655075, 5.979365, 3.118446
697162007	orientation	2.9393587, -0.9068949, -1.1479386
697162020	accel	10.395319, 6.329913, 3.49053
697162027	orientation	2.9114046, -0.88273686, -1.1550993
697162040	accel	10.617851, 6.515656, 3.441477
697162047	orientation	2.8897388, -0.8638798, -1.1576097
697162060	accel	10.209576, 6.350252, 3.0008986
697162067	orientation	2.8709242, -0.848371, -1.156694
697162080	accel	10.3543415, 6.2090755, 2.408376
697162088	orientation	2.8515072, -0.8329452, -1.157127
697162100	accel	11.507383, 6.3370914, 2.1140587
697162108	orientation	2.8321304, -0.81765366, -1.1616452
697162120	accel	12.232708, 6.396912, 2.4251258
697162128	orientation	2.8163033, -0.8046527, -1.1688612
697162140	accel	13.080066, 6.39093, 2.0985055
697162148	orientation	2.8051708, -0.79557353, -1.1754109
697162161	accel	14.091632, 6.573084, 1.8577276
697162168	orientation	2.8005164, -0.7918168, -1.177312
697162181	accel	14.495121, 6.7501526, 1.6782659
697162188	orientation	2.80211, -0.79481405, -1.1748201
697162201	accel	13.743176, 6.7848487, 2.0733807
697162208	orientation	2.8079612, -0.8042616, -1.1718287
697162221	accel	12.573685, 6.77767, 3.0092735
697162229	orientation	2.820766, -0.8191926, -1.1665848
697162241	accel	11.85195, 6.812366, 3.539583
697162249	orientation	2.8366766, -0.83898485, -1.1607641
697162261	accel	10.900205, 6.7669024, 3.6583266
697162269	orientation	2.8519406, -0.86221164, -1.1581256
697162281	accel	10.237094, 6.829116, 4.034
697162289	orientation	2.8685615, -0.8881279, -1.1585543
697162302	accel	10.134202, 6.8685975, 4.0423746
697162309	orientation	2.887964, -0.91754436, -1.1593491
697162322	accel	9.607482, 6.741778, 4.171587
697162329	orientation	2.9134595, -0.95139426, -1.1550728
697162342	accel	8.479864, 6.5611196, 4.060321
697162350	orientation	2.9432096, -0.98914146, -1.1460121
697162362	accel	6.806384, 6.1731834, 3.6918263
697162370	orientation	2.9700608, -1.0270582, -1.1407174
697162382	accel	6.4618177, 6.09422, 3.580261
697162390	orientation	2.997075, -1.0633345, -1.1402452
697162402	accel	7.0061846, 6.215058, 3.6233318
697162410	orientation	3.0324411, -1.1006902, -1.1357731
697162423	accel	6.498906, 6.107381, 3.9873397
697162430	orientation	3.079789, -1.1421092, -1.1202376
697162443	accel	5.0288157, 5.8414783, 3.5084763
697162450	orientation	3.1372955, -1.186176, -1.0922719
697162463	accel	4.0471606, 5.6644096, 2.8836503
697162470	orientation	-3.080751, -1.2295359, -1.054864
697162483	accel	3.3589249, 5.480162, 2.6862426
697162491	orientation	-3.004407, -1.2695643, -1.0090775
697162503	accel	2.7532415, 5.4167523, 2.9530423
697162511	orientation	-2.904804, -1.3058418, -0.94620407
697162523	accel	2.7532415, 5.58425, 2.9793632
697162531	orientation	-2.7730422, -1.3389301, -0.85426354
697162543	accel	3.083451, 5.6093745, 2.9614172
697162551	orientation	-2.599465, -1.3690488, -0.72009593
697162564	accel	2.5342982, 5.5040903, 3.0678978
697162571	orientation	-2.3646646, -1.3943236, -0.52469695
697162591	orientation	-2.0684004, -1.4097182, -0.269625
697162584	accel	1.2711871, 5.239384, 3.0188448
697162604	accel	0.35204405, 5.0515475, 2.8429725
697162611	orientation	-1.7401791, -1.4101745, 0.015153461
697162624	accel	-0.34606197, 4.9749775, 2.821437
697162632	orientation	-1.4404006, -1.3950036, 0.27115148
697162644	accel	-0.7600203, 4.8828535, 2.8537402
697162652	orientation	-1.2029834, -1.3667372, 0.46498826
697162664	accel	-1.0594223, 4.827819, 3.6257246
697162672	orientation	-1.0258027, -1.3289808, 0.60029763
697162684	accel	-2.0865414, 4.6636114, 4.4925246
697162692	orientation	-0.8904472, -1.2862493, 0.695502
697162705	accel	-3.4594233, 4.644469, 4.510471
697162712	orientation	-0.7818603, -1.2408661, 0.7633431
697162725	accel	-4.9378886, 4.6636114, 4.06391
697162732	orientation	-0.6930875, -1.1928862, 0.8109661
697162745	accel	-7.1512494, 4.7979083, 4.618148
697162753	orientation	-0.62240547, -1.1433179, 0.8423637
697162765	accel	-9.455538, 5.11735, 5.142475
697162773	orientation	-0.5688267, -1.0962749, 0.86086047
697162785	accel	-11.103893, 5.6057854, 5.1341
697162793	orientation	-0.5318719, -1.0557032, 0.865484
697162805	accel	-11.536098, 6.262914, 5.4035916
697162813	orientation	-0.50633836, -1.0229641, 0.85932
697162826	accel	-11.340783, 6.8817577, 5.8307104
697162833	orientation	-0.48542115, -0.99677247, 0.8510117
697162846	accel	-11.243874, 7.341479, 5.386842
697162853	orientation	-0.4704021, -0.97625566, 0.8425439
697162866	accel	-10.939686, 7.760522, 5.144868
697162873	orientation	-0.46459255, -0.9613972, 0.82996124
697162886	accel	-10.073185, 8.2609215, 5.602196
697162894	orientation	-0.46441764, -0.95151037, 0.8146567
697162906	accel	-8.971889, 8.780462, 5.9004016
697162914	orientation	-0.4662471, -0.945589, 0.8002962
697162926	accel	-8.027322, 8.962317, 5.5459647
697162934	orientation	-0.46690187, -0.94165844, 0.7896884
697162946	accel	-8.111071, 8.878569, 5.35095
697162954	orientation	-0.46435788, -0.93781984, 0.7842174
697162967	accel	-9.153743, 8.556435, 5.331807
697162974	orientation	-0.46112853, -0.93569404, 0.78216654
697162987	accel	-9.790533, 8.410473, 5.077869
697162994	orientation	-0.46068197, -0.93709356, 0.779702
697163007	accel	-9.370592, 8.380562, 4.666004
697163014	orientation	-0.46376765, -0.94212025, 0.7757394
697163027	accel	-8.59472, 8.375776, 4.459025
697163035	orientation	-0.4713458, -0.9496812, 0.76959556
697163047	accel	-7.6181493, 8.463115, 4.6576295
697163055	orientation	-0.4811567, -0.95908415, 0.76313317
697163067	accel	-7.0806613, 8.426025, 5.08744
697163075	orientation	-0.4894084, -0.9693226, 0.76037806
697163087	accel	-7.329515, 8.210671, 5.0491548
697163095	orientation	-0.49609977, -0.9810971, 0.7620588
697163108	accel	-7.882556, 7.960323, 4.459025
697163115	orientation	-0.50517607, -0.99488896, 0.7635359
697163128	accel	-7.8945203, 7.8873415, 4.165605
697163135	orientation	-0.5206427, -1.0114383, 0.75997096
697163148	accel	-7.1679993, 7.8981094, 4.3070807
697163156	orientation	-0.5418564, -1.0300282, 0.75185835
697163168	accel	-6.3741803, 7.9854474, 4.6205406
697163176	orientation	-0.5659229, -1.049683, 0.7430685
697163188	accel	-5.994918, 7.975876, 4.7835517
697163196	orientation	-0.5924723, -1.0708077, 0.7350015
697163208	accel	-5.886942, 7.813164, 4.5595236
697163216	orientation	-0.6257395, -1.0942664, 0.72291374
697163229	accel	-5.8821564, 7.603792, 4.7198424
697163236	orientation	-0.66375595, -1.119385, 0.7059827
697163249	accel	-5.858228, 7.467102, 4.426722
697163256	orientation	-0.7076199, -1.145488, 0.6837523
697163269	accel	-5.732605, 7.305587, 4.49731
697163276	orientation	-0.7676205, -1.1746386, 0.64764285
697163289	accel	-4.0902314, 6.9942207, 4.0567317
697163297	orientation	-0.85095096, -1.2064741, 0.5889399
697163309	accel	-2.251646, 6.910472, 3.9311085
697163317	orientation	-0.9505661, -1.2363788, 0.5119657
697163329	accel	-2.1559331, 6.862615, 4.6935215
697163337	orientation	-1.0523497, -1.2622168, 0.43167531
697163349	accel	-2.9255247, 6.652047, 4.111767
697163370	accel	-3.118446, 6.3370914, 3.403192
697163357	orientation	-1.1662705, -1.2852116, 0.3433101
697163377	orientation	-1.321421, -1.3053004, 0.21848029
697163390	accel	-1.7081763, 6.1971116, 3.5551362
697163397	orientation	-1.5241953, -1.3192466, 0.045339063
697163410	accel	0.013160525, 6.161219, 4.135695
697163417	orientation	-1.7459205, -1.3242384, -0.15059587
697163430	accel	0.4956134, 6.015257, 4.5535417
697163438	orientation	-1.9529842, -1.3204701, -0.3330078
697163450	accel	-0.37716866, 5.6787663, 4.2388854
697163458	orientation	-2.143589, -1.3086789, -0.4953204
697163470	accel	0.09571291, 5.1460643, 2.8046873
697163478	orientation	-2.3285232, -1.2861224, -0.64561874
697163491	accel	1.3130615, 4.842176, 3.1196425
697163498	orientation	-2.4966035, -1.2522227, -0.7778456
697163511	accel	2.4945176, 4.7895336, 4.3740797
697163518	orientation	-2.636568, -1.2122595, -0.88648707
697163531	accel	3.0343983, 4.5966125, 4.386044
697163538	orientation	-2.7487307, -1.1697398, -0.96950525
697163551	accel	4.1955156, 4.3800616, 3.1136606
697163559	orientation	-2.8434174, -1.1237638, -1.0309823
697163571	accel	5.7373905, 4.3130627, 2.798705
697163579	orientation	-2.9238367, -1.0750568, -1.0753802
697163591	accel	6.43759, 4.4458647, 3.828217
697163599	orientation	-2.9878037, -1.0272337, -1.1050473
697163611	accel	7.2158556, 4.505685, 3.9574296
697163619	orientation	-3.0400193, -0.9817418, -1.1230747
697163632	accel	8.851051, 4.4674, 2.8345976
697163639	orientation	-3.0882225, -0.9375457, -1.1338257
697163652	accel	11.207981, 4.7138605, 2.0721843
697163659	orientation	-3.1314685, -0.89613116, -1.1395682
697163672	accel	12.740285, 5.482555, 2.9482565
697163679	orientation	3.1198573, -0.8621896, -1.1391205
697163692	accel	12.163316, 6.0523458, 3.9143589
697163700	orientation	3.1014795, -0.83863646, -1.1289465
697163712	accel	11.009377, 5.9877396, 3.2069805
697163720	orientation	3.0884395, -0.82140774, -1.111882
697163732	accel	11.520544, 6.1013985, 2.2851455
697163740	orientation	3.0722716, -0.8050599, -1.0985482
697163752	accel	12.454043, 6.501299, 3.3816566
697163760	orientation	3.0579, -0.79137856, -1.0915843
697163773	accel	12.600006, 6.9116683, 4.351348
697163780	orientation	3.0508878, -0.7844416, -1.084687
697163793	accel	12.0589285, 6.9056864, 3.8377883
697163800	orientation	3.0489833, -0.78479683, -1.0728595
697163813	accel	10.846366, 6.7034926, 3.167499
697163820	orientation	3.0500503, -0.7896564, -1.0559536
697163833	accel	9.262916, 6.5838513, 3.3338
697163841	orientation	3.0523095, -0.7958474, -1.0390254
697163853	accel	8.186744, 6.559923, 3.382853
697163861	orientation	3.052144, -0.8013096, -1.0287176
697163873	accel	7.900502, 6.6927247, 3.4259238
697163881	orientation	3.0513587, -0.80620956, -1.0246037
697163894	accel	7.862217, 6.7130637, 3.281158
697163901	orientation	3.0530376, -0.811666, -1.0210769
697163914	accel	7.254141, 6.735796, 3.2739797
697163921	orientation	3.057844, -0.8179949, -1.0145172
697163934	accel	6.5551376, 6.8339014, 3.3349965
697163941	orientation	3.0643559, -0.82467026, -1.0048894
697163954	accel	6.104988, 6.8578296, 3.05713
697163962	orientation	3.0683906, -0.8307001, -0.9972204
697163974	accel	5.5519466, 6.9738817, 3.1710882
697163982	orientation	3.0697157, -0.8353482, -0.9953053
697163994	accel	5.4705906, 7.0758758, 3.4354951
697164002	orientation	3.0717087, -0.839001, -0.9970771
697164014	accel	5.7876396, 7.18116, 3.4654055
697164022	orientation	3.0768707, -0.84299797, -0.9969898
697164035	accel	5.2334023, 7.218249, 3.6714873
697164042	orientation	3.0860138, -0.84783566, -0.99149376
697164055	accel	4.718646, 7.2266235, 3.586243
697164062	orientation	3.0950415, -0.8525989, -0.9835907
697164075	accel	4.1404805, 7.292426, 4.023232
697164082	orientation	3.1008937, -0.8564382, -0.9784418
697164095	accel	4.2927237, 7.3917284, 3.7157545
697164103	orientation	3.102545, -0.8592882, -0.9790828
697164115	accel	4.833801, 7.5556364, 3.6005998
697164123	orientation	3.1035337, -0.8617083, -0.98221314
697164135	accel	5.1233325, 7.7126656, 3.6400814
697164143	orientation	3.1081748, -0.86508244, -0.98195463
697164155	accel	4.9342995, 7.829914, 3.64726
697164163	orientation	3.1158116, -0.8698675, -0.97611743
697164176	accel	4.4913282, 7.811968, 3.7528431
697164183	orientation	3.1244204, -0.87557477, -0.96659285
697164196	accel	4.1548376, 7.6743803, 3.6786656
697164203	orientation	3.130216, -0.8809824, -0.95875037
697164216	accel	4.4004006, 7.622935, 3.5084763
697164223	orientation	3.1317072, -0.8854529, -0.9569985
697164236	accel	4.7078786, 7.73779, 3.7767715
697164244	orientation	3.1353111, -0.889747, -0.956201
697164256	accel	4.705486, 7.6863446, 3.7707894
697164264	orientation	-3.1412923, -0.8945791, -0.95202714
697164276	accel	4.4446683, 7.576275, 3.461816
697164284	orientation	-3.1349304, -0.89919615, -0.94576883
697164297	accel	4.0698924, 7.562815, 3.5001013
697164304	orientation	-3.12988, -0.90228224, -0.94012564
697164317	accel	4.290331, 7.565208, 3.6029928
697164324	orientation	-3.12749, -0.9040084, -0.93771845
697164337	accel	4.738985, 7.6049886, 3.7133617
697164344	orientation	-3.125668, -0.9054345, -0.9370166
697164357	accel	4.8469615, 7.6109705, 3.700201
697164365	orientation	-3.122764, -0.9072587, -0.9352732
697164377	accel	4.8086762, 7.5978103, 3.399603
697164385	orientation	-3.1200843, -0.90915525, -0.93269897
697164397	accel	5.331807, 7.939984, 4.668397
697164405	orientation	-3.114923, -0.91196096, -0.9268355
697164417	accel	5.280062, 7.835896, 4.3908296
697164425	orientation	-3.1113696, -0.9178503, -0.9204362
697164438	accel	3.9287157, 7.5329046, 3.2189445
697164445	orientation	-3.1117766, -0.92157334, -0.91781056
697164458	accel	3.905984, 7.511369, 3.0343983
697164465	orientation	-3.1147523, -0.9229113, -0.92144185
697164478	accel	3.7037904, 7.5870423, 3.1950164
697164485	orientation	-3.1152208, -0.92259866, -0.9256359
697164498	accel	3.4677982, 7.626524, 3.6846478
697164506	orientation	-3.1124349, -0.92177874, -0.92627144
697164518	accel	3.72054, 7.637292, 3.976572
697164526	orientation	-3.11149, -0.9208025, -0.9253932
697164538	accel	4.62413, 7.7665043, 3.7097723
697164546	orientation	-3.1156132, -0.91990256, -0.9271506
697164558	accel	5.130511, 7.9914293, 3.7360935
697164566	orientation	-3.1202874, -0.91950434, -0.9304018
697164579	accel	5.183153, 8.094321, 3.984947
697164586	orientation	-3.1217391, -0.9203456, -0.9322382
697164599	accel	5.0419765, 8.066803, 3.7265222
697164606	orientation	-3.12113, -0.92237717, -0.9313934
697164619	accel	4.638487, 7.953144, 3.7193437
697164627	orientation	-3.1195111, -0.92484343, -0.92851746
697164639	accel	4.5690947, 7.865806, 3.5958142
697164647	orientation	-3.1191316, -0.9271843, -0.9259946
697164659	accel	4.80748, 7.902895, 3.3852458
697164667	orientation	-3.1206958, -0.9295098, -0.9255417
697164679	accel	4.718646, 7.8000035, 3.3433714
697164687	orientation	-3.1214328, -0.9317616, -0.9255273
697164700	accel	4.642076, 7.6588273, 3.161517
697164707	orientation	-3.1205688, -0.9336144, -0.9242479
697164720	accel	4.6061835, 7.603792, 3.1567314
697164727	orientation	-3.1188457, -0.9347415, -0.92139274
697164740	accel	4.7509494, 7.6600237, 3.2991042
697164747	orientation	-3.117769, -0.93560344, -0.91859096
697164760	accel	4.6396832, 7.780861, 3.7660038
697164768	orientation	-3.1169162, -0.9366048, -0.9164988
697164780	accel	4.4446683, 7.858628, 3.9155552
697164788	orientation	-3.1155837, -0.9378366, -0.9142273
697164800	accel	4.223332, 7.7976108, 3.5994034
697164808	orientation	-3.1148446, -0.9385645, -0.9119766
697164820	accel	4.314259, 7.73779, 3.4342988
697164828	orientation	-3.115129, -0.9383915, -0.91092235
